Date,Open,High,Low,Close,Volume
2024-12-09,55.238094329833984,55.80952453613281,54.9523811340332,55.238094329833984,180931.0
2024-12-10,55.238094329833984,56.0952377319336,54.66666412353516,55.14285659790039,135779.0
2024-12-11,54.380950927734375,55.238094329833984,54.380950927734375,54.57142639160156,61248.0
2024-12-12,55.238094329833984,55.238094329833984,54.28571319580078,55.14285659790039,153576.0
2024-12-13,55.61904525756836,55.71428680419922,54.28571319580078,54.28571319580078,324307.0
2024-12-16,55.238094329833984,55.238094329833984,52.761905670166016,53.904762268066406,243223.0
2024-12-17,53.61904525756836,54.0952377319336,53.523807525634766,53.523807525634766,94822.0
2024-12-18,53.42856979370117,54.0,52.66666412353516,52.85714340209961,154443.0
2024-12-19,52.761905670166016,53.14285659790039,51.80952453613281,52.47618865966797,99594.0
2024-12-20,51.80952453613281,52.9523811340332,51.80952453613281,52.28571319580078,82950.0
2024-12-23,52.9523811340332,53.33333206176758,52.57142639160156,53.238094329833984,32550.0
2024-12-24,53.33333206176758,54.0,53.14285659790039,53.238094329833984,87435.0
2024-12-25,53.33333206176758,53.33333206176758,52.57142639160156,53.238094329833984,65399.0
2024-12-26,53.33333206176758,54.0,53.238094329833984,53.238094329833984,67849.0
2024-12-27,52.9523811340332,53.42856979370117,52.9523811340332,53.14285659790039,36153.0
2024-12-30,53.0476188659668,53.61904525756836,52.85714340209961,52.9523811340332,40950.0
2024-12-31,52.85714340209961,52.85714340209961,52.66666412353516,52.66666412353516,53550.0
2025-01-02,52.66666412353516,53.33333206176758,52.57142639160156,52.9523811340332,41115.0
2025-01-03,53.71428680419922,53.71428680419922,52.85714340209961,53.0476188659668,58823.0
2025-01-06,53.71428680419922,53.71428680419922,53.33333206176758,53.42856979370117,40481.0
2025-01-07,53.42856979370117,53.523807525634766,52.85714340209961,52.9523811340332,76650.0
2025-01-08,53.33333206176758,53.33333206176758,52.9523811340332,52.9523811340332,28350.0
2025-01-09,53.71428680419922,54.0952377319336,53.42856979370117,53.42856979370117,128100.0
2025-01-10,53.42856979370117,53.523807525634766,52.85714340209961,52.9523811340332,118130.0
2025-01-13,52.85714340209961,52.85714340209961,51.0476188659668,51.71428680419922,179491.0
2025-01-14,52.380950927734375,52.380950927734375,51.42856979370117,51.904762268066406,40624.0
2025-01-15,51.71428680419922,52.0,51.61904525756836,51.71428680419922,20426.0
2025-01-16,52.28571319580078,52.66666412353516,51.904762268066406,52.28571319580078,56028.0
2025-01-17,52.28571319580078,53.14285659790039,52.28571319580078,52.380950927734375,32701.0
2025-01-20,52.85714340209961,53.33333206176758,52.761905670166016,52.9523811340332,28350.0
2025-01-21,53.33333206176758,55.61904525756836,53.33333206176758,55.0476188659668,164885.0
2025-01-22,55.0476188659668,55.80952453613281,55.0476188659668,55.523807525634766,142157.0
2025-02-03,55.71428680419922,56.380950927734375,55.33333206176758,55.42856979370117,185086.0
2025-02-04,55.523807525634766,55.523807525634766,55.14285659790039,55.42856979370117,76952.0
2025-02-05,56.0952377319336,56.19047546386719,55.42856979370117,55.42856979370117,34650.0
2025-02-06,55.42856979370117,55.71428680419922,55.238094329833984,55.523807525634766,27450.0
2025-02-07,55.42856979370117,55.80952453613281,55.238094329833984,55.33333206176758,45151.0
2025-02-10,55.33333206176758,56.0,55.33333206176758,55.523807525634766,72660.0
2025-02-11,55.42856979370117,55.523807525634766,55.33333206176758,55.523807525634766,34404.0
2025-02-12,55.71428680419922,56.0,55.14285659790039,55.14285659790039,50673.0
2025-02-13,55.523807525634766,55.523807525634766,55.14285659790039,55.42856979370117,32550.0
2025-02-14,55.33333206176758,55.80952453613281,55.33333206176758,55.80952453613281,43337.0
2025-02-17,56.0952377319336,56.57142639160156,55.71428680419922,55.71428680419922,98087.0
2025-02-18,55.80952453613281,55.80952453613281,55.523807525634766,55.71428680419922,37543.0
2025-02-19,55.71428680419922,55.80952453613281,55.71428680419922,55.71428680419922,24405.0
2025-02-20,55.71428680419922,57.71428680419922,55.71428680419922,57.14285659790039,365842.0
2025-02-21,57.0476188659668,58.0952377319336,56.66666412353516,57.14285659790039,281406.0
2025-02-24,56.66666412353516,57.0476188659668,56.28571319580078,56.85714340209961,77294.0
2025-02-25,56.761905670166016,56.9523811340332,56.47618865966797,56.57142639160156,105362.0
2025-02-26,56.57142639160156,57.71428680419922,56.57142639160156,57.0476188659668,81011.0
2025-02-27,57.33333206176758,57.61904525756836,56.85714340209961,56.85714340209961,126176.0
2025-03-03,56.761905670166016,57.33333206176758,56.57142639160156,56.85714340209961,60476.0
2025-03-04,57.71428680419922,57.71428680419922,56.28571319580078,57.14285659790039,54915.0
2025-03-05,56.9523811340332,57.33333206176758,56.9523811340332,57.33333206176758,53071.0
2025-03-06,57.33333206176758,57.42856979370117,57.0476188659668,57.0476188659668,31197.0
2025-03-07,56.9523811340332,57.0476188659668,56.761905670166016,56.9523811340332,38486.0
2025-03-10,57.42856979370117,57.904762268066406,57.33333206176758,57.61904525756836,114903.0
2025-03-11,56.761905670166016,58.0,56.761905670166016,57.61904525756836,117723.0
2025-03-12,58.0952377319336,58.0952377319336,57.33333206176758,57.523807525634766,74440.0
2025-03-13,57.71428680419922,58.57142639160156,57.71428680419922,58.0952377319336,250744.0
2025-03-14,58.28571319580078,58.28571319580078,57.0476188659668,57.80952453613281,271232.0
2025-03-17,57.71428680419922,58.0952377319336,57.61904525756836,57.80952453613281,82149.0
2025-03-18,58.0,58.28571319580078,57.42856979370117,57.80952453613281,126367.0
2025-03-19,57.80952453613281,57.904762268066406,57.33333206176758,57.33333206176758,46200.0
2025-03-20,57.238094329833984,57.71428680419922,57.238094329833984,57.61904525756836,86118.0
2025-03-21,57.904762268066406,58.0952377319336,57.33333206176758,57.33333206176758,111318.0
2025-03-24,57.33333206176758,57.904762268066406,57.238094329833984,57.61904525756836,88641.0
2025-03-25,57.61904525756836,57.61904525756836,56.9523811340332,57.33333206176758,104037.0
2025-03-26,57.42856979370117,58.57142639160156,57.42856979370117,57.61904525756836,107551.0
2025-03-27,57.80952453613281,58.0952377319336,57.61904525756836,58.0,102152.0
2025-03-28,58.28571319580078,58.380950927734375,56.9523811340332,56.9523811340332,209863.0
2025-03-31,55.0476188659668,56.66666412353516,54.19047546386719,54.19047546386719,266700.0
2025-04-01,54.380950927734375,55.14285659790039,54.380950927734375,54.9523811340332,91501.0
2025-04-02,54.761905670166016,55.238094329833984,54.761905670166016,54.85714340209961,30714.0
2025-04-07,49.42856979370117,49.42856979370117,49.42856979370117,49.42856979370117,47502.0
2025-04-08,44.523807525634766,47.80952453613281,44.523807525634766,46.28571319580078,375001.0
2025-04-09,46.761905670166016,47.61904525756836,43.80952453613281,43.85714340209961,395294.0
2025-04-10,48.0952377319336,48.19047546386719,47.71428680419922,48.19047546386719,103616.0
2025-04-11,48.19047546386719,50.0,46.19047546386719,49.523807525634766,185129.0
2025-04-14,50.0,51.238094329833984,49.0476188659668,49.71428680419922,128100.0
2025-04-15,50.0,51.238094329833984,50.0,50.66666412353516,187110.0
2025-04-16,50.85714340209961,50.85714340209961,49.61904525756836,49.80952453613281,131248.0
2025-04-17,49.61904525756836,50.0952377319336,49.238094329833984,49.71428680419922,107100.0
2025-04-18,49.61904525756836,50.0,49.238094329833984,49.61904525756836,116550.0
2025-04-21,49.61904525756836,49.61904525756836,48.9523811340332,49.42856979370117,65101.0
2025-04-22,48.380950927734375,49.523807525634766,48.380950927734375,49.523807525634766,117600.0
2025-04-23,50.0952377319336,50.47618865966797,49.71428680419922,50.28571319580078,44100.0
2025-04-24,50.19047546386719,50.28571319580078,49.523807525634766,49.523807525634766,61342.0
2025-04-25,50.0,50.47618865966797,49.904762268066406,50.0,46208.0
2025-04-28,51.33333206176758,51.33333206176758,50.0952377319336,50.9523811340332,95737.0
2025-04-29,51.14285659790039,52.85714340209961,50.9523811340332,52.85714340209961,217620.0
2025-04-30,51.42856979370117,51.42856979370117,49.61904525756836,49.61904525756836,528199.0
2025-05-02,50.19047546386719,51.0476188659668,49.904762268066406,50.28571319580078,244650.0
2025-05-05,50.47618865966797,51.71428680419922,50.0,50.28571319580078,138600.0
2025-05-06,50.57142639160156,50.85714340209961,49.80952453613281,50.47618865966797,105073.0
2025-05-07,51.14285659790039,51.14285659790039,50.19047546386719,50.19047546386719,48301.0
2025-05-08,50.28571319580078,50.47618865966797,50.19047546386719,50.19047546386719,63027.0
2025-05-09,50.28571319580078,50.47618865966797,49.80952453613281,50.19047546386719,99750.0
2025-05-12,50.19047546386719,50.380950927734375,49.42856979370117,49.61904525756836,97650.0
2025-05-13,49.523807525634766,51.0476188659668,49.523807525634766,49.71428680419922,65100.0
2025-05-14,50.0952377319336,50.0952377319336,49.61904525756836,49.80952453613281,87478.0
2025-05-15,50.0952377319336,50.47618865966797,49.61904525756836,49.71428680419922,138916.0
2025-05-16,49.904762268066406,50.761905670166016,49.80952453613281,50.0,126000.0
2025-05-19,50.0,50.380950927734375,49.61904525756836,50.0,125401.0
2025-05-20,50.0,50.19047546386719,49.80952453613281,49.80952453613281,54913.0
2025-05-21,50.19047546386719,50.57142639160156,49.523807525634766,49.80952453613281,84000.0
2025-05-22,49.904762268066406,49.904762268066406,49.523807525634766,49.523807525634766,80152.0
2025-05-23,50.28571319580078,50.28571319580078,49.61904525756836,49.80952453613281,36750.0
2025-05-26,49.80952453613281,50.19047546386719,49.80952453613281,50.0952377319336,77918.0
2025-05-27,50.0952377319336,50.380950927734375,49.61904525756836,49.80952453613281,80850.0
2025-05-28,49.71428680419922,49.71428680419922,49.42856979370117,49.71428680419922,99750.0
2025-05-29,49.61904525756836,49.80952453613281,49.14285659790039,49.80952453613281,54857.0
2025-06-02,49.238094329833984,49.238094329833984,47.80952453613281,48.28571319580078,128119.0
2025-06-03,48.28571319580078,48.85714340209961,48.28571319580078,48.57142639160156,51768.0
2025-06-04,48.761905670166016,49.238094329833984,48.66666412353516,48.85714340209961,70501.0
2025-06-05,48.85714340209961,49.14285659790039,48.85714340209961,48.9523811340332,14700.0
2025-06-06,48.66666412353516,48.9523811340332,48.47618865966797,48.57142639160156,65100.0
2025-06-09,48.28571319580078,48.66666412353516,48.19047546386719,48.380950927734375,30552.0
2025-06-10,48.28571319580078,48.9523811340332,48.28571319580078,48.85714340209961,38850.0
2025-06-11,48.9523811340332,48.9523811340332,48.28571319580078,48.380950927734375,53701.0
2025-06-12,48.380950927734375,48.85714340209961,48.380950927734375,48.57142639160156,28803.0
2025-06-13,48.380950927734375,49.14285659790039,48.28571319580078,48.380950927734375,85058.0
2025-06-16,48.47618865966797,49.33333206176758,48.47618865966797,49.14285659790039,56729.0
2025-06-17,49.33333206176758,50.19047546386719,49.14285659790039,49.904762268066406,89644.0
2025-06-18,50.0,50.19047546386719,49.14285659790039,50.19047546386719,55650.0
2025-06-19,50.28571319580078,51.42856979370117,49.238094329833984,49.238094329833984,117710.0
2025-06-20,49.238094329833984,49.238094329833984,48.0952377319336,48.28571319580078,95218.0
2025-06-23,48.0952377319336,48.0952377319336,47.14285659790039,47.57142639160156,86998.0
2025-06-24,47.80952453613281,48.761905670166016,47.80952453613281,48.761905670166016,32397.0
2025-06-25,48.761905670166016,48.85714340209961,48.47618865966797,48.66666412353516,8426.0
2025-06-26,48.761905670166016,49.33333206176758,48.66666412353516,48.761905670166016,41307.0
2025-06-27,49.14285659790039,49.238094329833984,48.19047546386719,48.85714340209961,37805.0
2025-06-30,49.14285659790039,49.14285659790039,48.380950927734375,48.47618865966797,29502.0
2025-07-01,48.57142639160156,50.0,48.57142639160156,49.0476188659668,63000.0
2025-07-02,48.57142639160156,49.33333206176758,48.57142639160156,48.9523811340332,25301.0
2025-07-03,49.0476188659668,49.33333206176758,48.761905670166016,49.33333206176758,26250.0
2025-07-04,48.761905670166016,48.761905670166016,48.57142639160156,48.761905670166016,29125.0
2025-07-07,48.19047546386719,48.761905670166016,48.0952377319336,48.19047546386719,19950.0
2025-07-08,48.19047546386719,48.57142639160156,47.904762268066406,48.28571319580078,32721.0
2025-07-09,49.238094329833984,49.523807525634766,48.47618865966797,48.66666412353516,44111.0
2025-07-10,48.66666412353516,49.238094329833984,48.57142639160156,48.66666412353516,49350.0
2025-07-11,49.14285659790039,49.80952453613281,48.761905670166016,49.523807525634766,113400.0
2025-07-14,49.238094329833984,49.71428680419922,49.238094329833984,49.42856979370117,40950.0
2025-07-15,49.238094329833984,49.42856979370117,49.238094329833984,49.42856979370117,17919.0
2025-07-16,49.238094329833984,49.71428680419922,49.14285659790039,49.42856979370117,47401.0
2025-07-17,49.61904525756836,49.71428680419922,49.523807525634766,49.61904525756836,44100.0
2025-07-18,49.61904525756836,50.47618865966797,49.61904525756836,49.71428680419922,67235.0
2025-07-21,49.71428680419922,49.904762268066406,49.42856979370117,49.42856979370117,44100.0
2025-07-22,49.42856979370117,49.42856979370117,49.0476188659668,49.0476188659668,43053.0
2025-07-23,49.42856979370117,49.523807525634766,49.238094329833984,49.33333206176758,26361.0
2025-07-24,49.238094329833984,49.33333206176758,49.14285659790039,49.238094329833984,24301.0
2025-07-25,49.523807525634766,49.523807525634766,49.238094329833984,49.523807525634766,31500.0
2025-07-28,49.238094329833984,49.42856979370117,49.238094329833984,49.42856979370117,18092.0
2025-07-29,49.42856979370117,49.61904525756836,49.238094329833984,49.238094329833984,40425.0
2025-07-30,49.238094329833984,49.523807525634766,49.14285659790039,49.42856979370117,18403.0
2025-07-31,50.85714340209961,50.85714340209961,49.71428680419922,49.80952453613281,64050.0
2025-08-04,49.0476188659668,50.0952377319336,49.0476188659668,50.0,37170.0
2025-08-05,50.0,50.0952377319336,49.71428680419922,49.71428680419922,121806.0
2025-08-06,49.71428680419922,50.380950927734375,49.71428680419922,50.28571319580078,115605.0
2025-08-07,50.28571319580078,50.47618865966797,50.28571319580078,50.380950927734375,45150.0
2025-08-08,50.47618865966797,50.85714340209961,50.380950927734375,50.57142639160156,83101.0
2025-08-11,50.57142639160156,50.57142639160156,50.0952377319336,50.19047546386719,129572.0
2025-08-12,50.47618865966797,50.47618865966797,50.19047546386719,50.19047546386719,128110.0
2025-08-13,51.42856979370117,51.904762268066406,50.85714340209961,51.33333206176758,477347.0
2025-08-14,51.71428680419922,51.904762268066406,51.42856979370117,51.71428680419922,507357.0
2025-08-15,49.79999923706055,50.400001525878906,49.75,50.09999847412109,357933.0
2025-08-18,50.59999847412109,50.79999923706055,50.20000076293945,50.59999847412109,152282.0
2025-08-19,50.59999847412109,50.70000076293945,50.20000076293945,50.5,88100.0
2025-08-20,50.70000076293945,50.79999923706055,50.0,50.20000076293945,221072.0
2025-08-21,50.29999923706055,50.400001525878906,49.95000076293945,50.0,140844.0
2025-08-22,49.79999923706055,50.5,49.79999923706055,50.09999847412109,128150.0
2025-08-25,50.5,50.5,50.0,50.20000076293945,130166.0
2025-08-26,50.09999847412109,50.5,50.0,50.0,124451.0
2025-08-27,50.5,50.5,50.0,50.20000076293945,91942.0
2025-08-28,50.09999847412109,50.20000076293945,50.09999847412109,50.09999847412109,79149.0
2025-08-29,50.09999847412109,50.20000076293945,50.0,50.0,63720.0
2025-09-01,50.0,50.0,49.59999847412109,49.79999923706055,120003.0
2025-09-02,49.79999923706055,49.79999923706055,49.5,49.79999923706055,96101.0
2025-09-03,49.79999923706055,50.20000076293945,49.79999923706055,49.900001525878906,82321.0
2025-09-04,50.0,50.59999847412109,50.0,50.5,91564.0
2025-09-05,50.79999923706055,50.79999923706055,50.09999847412109,50.20000076293945,71116.0
2025-09-08,49.650001525878906,49.70000076293945,49.0,49.59999847412109,221821.0
2025-09-09,50.59999847412109,52.0,49.59999847412109,49.59999847412109,368876.0
2025-09-10,50.0,50.09999847412109,49.70000076293945,49.70000076293945,166349.0
2025-09-11,50.09999847412109,50.09999847412109,49.59999847412109,50.09999847412109,208402.0
2025-09-12,49.900001525878906,49.900001525878906,49.59999847412109,49.70000076293945,85598.0
2025-09-15,49.79999923706055,50.400001525878906,49.70000076293945,50.29999923706055,91340.0
2025-09-16,50.29999923706055,50.79999923706055,50.0,50.20000076293945,197000.0
2025-09-17,50.20000076293945,50.20000076293945,49.75,49.84999847412109,76179.0
2025-09-18,49.900001525878906,49.900001525878906,49.650001525878906,49.70000076293945,81251.0
2025-09-19,49.79999923706055,49.79999923706055,49.34999847412109,49.5,115350.0
2025-09-22,49.5,49.5,49.09999847412109,49.45000076293945,132150.0
2025-09-23,49.09999847412109,49.29999923706055,47.650001525878906,48.04999923706055,425251.0
2025-09-24,47.70000076293945,48.20000076293945,47.54999923706055,48.20000076293945,89726.0
2025-09-25,49.400001525878906,50.900001525878906,48.75,49.0,478143.0
2025-09-26,50.09999847412109,50.09999847412109,48.25,48.34999847412109,113161.0
2025-09-30,49.150001525878906,49.150001525878906,48.150001525878906,48.45000076293945,59010.0
2025-10-01,48.400001525878906,48.400001525878906,48.04999923706055,48.29999923706055,68258.0
2025-10-02,48.29999923706055,48.29999923706055,48.0,48.04999923706055,61000.0
2025-10-03,48.04999923706055,48.04999923706055,47.79999923706055,47.84999847412109,66521.0
2025-10-07,47.84999847412109,49.150001525878906,47.54999923706055,48.09999847412109,112500.0
2025-10-08,47.70000076293945,48.150001525878906,47.650001525878906,47.650001525878906,130205.0
2025-10-09,47.650001525878906,48.04999923706055,47.5,47.650001525878906,147160.0
2025-10-13,47.150001525878906,47.150001525878906,46.70000076293945,47.04999923706055,184114.0
2025-10-14,47.04999923706055,47.04999923706055,46.25,46.400001525878906,155651.0
2025-10-15,46.400001525878906,46.400001525878906,46.04999923706055,46.09999847412109,121400.0
2025-10-16,46.400001525878906,46.5,45.79999923706055,46.0,177286.0
2025-10-17,45.84999847412109,46.29999923706055,45.59999847412109,46.0,74014.0
2025-10-20,45.79999923706055,45.84999847412109,45.29999923706055,45.70000076293945,167171.0
2025-10-21,45.54999923706055,46.0,45.5,45.54999923706055,83672.0
2025-10-22,45.54999923706055,46.59999847412109,45.54999923706055,45.59999847412109,68126.0
2025-10-23,45.59999847412109,45.59999847412109,45.20000076293945,45.400001525878906,71000.0
2025-10-27,45.45000076293945,46.29999923706055,45.04999923706055,46.29999923706055,141871.0
2025-10-28,46.45000076293945,46.45000076293945,45.54999923706055,45.75,60760.0
2025-10-29,45.75,45.900001525878906,45.25,45.70000076293945,78899.0
2025-10-30,46.0,46.0,45.20000076293945,45.5,76521.0
2025-10-31,46.0,46.29999923706055,45.5,46.04999923706055,144453.0
2025-11-03,46.04999923706055,46.79999923706055,46.04999923706055,46.70000076293945,90243.0
2025-11-04,47.0,47.20000076293945,46.29999923706055,46.29999923706055,95152.0
2025-11-05,46.0,46.34999847412109,45.5,46.150001525878906,56846.0
2025-11-06,46.25,46.25,45.84999847412109,46.09999847412109,27622.0
2025-11-07,46.0,46.0,45.79999923706055,45.79999923706055,37000.0
2025-11-10,47.20000076293945,48.150001525878906,46.29999923706055,47.29999923706055,224052.0
2025-11-11,47.29999923706055,47.29999923706055,46.75,47.20000076293945,84291.0
2025-11-12,47.95000076293945,49.0,47.70000076293945,48.79999923706055,360240.0
2025-11-13,49.29999923706055,49.59999847412109,48.5,48.75,324411.0
2025-11-14,48.5,49.150001525878906,48.5,48.79999923706055,209252.0
2025-11-17,48.84999847412109,48.95000076293945,48.09999847412109,48.29999923706055,130650.0
2025-11-18,47.79999923706055,48.150001525878906,47.34999847412109,47.45000076293945,112000.0
2025-11-19,47.45000076293945,47.79999923706055,47.09999847412109,47.34999847412109,103000.0
2025-11-20,48.400001525878906,48.70000076293945,48.09999847412109,48.09999847412109,115500.0
2025-11-21,48.29999923706055,48.29999923706055,47.0,47.650001525878906,103000.0
2025-11-24,47.95000076293945,47.95000076293945,46.95000076293945,47.54999923706055,93100.0
2025-11-25,47.54999923706055,47.84999847412109,47.34999847412109,47.54999923706055,32189.0
2025-11-26,47.59999847412109,48.09999847412109,47.5,47.650001525878906,56050.0
2025-11-27,47.650001525878906,48.59999847412109,47.650001525878906,48.29999923706055,64060.0
2025-11-28,48.400001525878906,49.29999923706055,48.400001525878906,48.650001525878906,162160.0
2025-12-01,48.650001525878906,48.84999847412109,48.5,48.75,89050.0
2025-12-02,48.75,48.95000076293945,48.34999847412109,48.54999923706055,54678.0
2025-12-03,48.79999923706055,48.79999923706055,48.20000076293945,48.29999923706055,52066.0
2025-12-04,48.29999923706055,49.04999923706055,48.29999923706055,49.0,109274.0
2025-12-05,49.5,50.0,49.150001525878906,49.34999847412109,184349.0
2025-12-08,49.45000076293945,49.45000076293945,48.5,49.04999923706055,148301.0
2025-12-09,49.04999923706055,49.59999847412109,48.900001525878906,49.25,188855.0
2025-12-10,49.20000076293945,49.5,49.20000076293945,49.34999847412109,67280.0
2025-12-11,49.5,49.5,49.04999923706055,49.29999923706055,48108.0
2025-12-12,49.5,50.0,49.400001525878906,49.45000076293945,151560.0
2025-12-15,49.09999847412109,49.900001525878906,49.09999847412109,49.59999847412109,112052.0
2025-12-16,49.59999847412109,49.84999847412109,48.650001525878906,49.0,105200.0
2025-12-17,49.04999923706055,49.29999923706055,48.79999923706055,48.84999847412109,57020.0
2025-12-18,49.45000076293945,49.45000076293945,48.20000076293945,48.20000076293945,69254.0
2025-12-19,48.20000076293945,48.79999923706055,48.20000076293945,48.400001525878906,48610.0
2025-12-22,48.5,48.75,48.25,48.34999847412109,68288.0
2025-12-23,48.04999923706055,48.900001525878906,48.04999923706055,48.900001525878906,57570.0
2025-12-24,48.84999847412109,49.29999923706055,48.29999923706055,48.75,60000.0
2025-12-26,48.75,50.09999847412109,48.75,49.84999847412109,252307.0
2025-12-29,50.900001525878906,52.0,50.09999847412109,50.09999847412109,318012.0
2025-12-30,50.20000076293945,50.20000076293945,49.59999847412109,49.95000076293945,96100.0
2025-12-31,49.95000076293945,49.95000076293945,49.45000076293945,49.59999847412109,56346.0
2026-01-02,49.5,49.900001525878906,49.5,49.650001525878906,90550.0
2026-01-05,49.59999847412109,49.79999923706055,48.900001525878906,49.45000076293945,127663.0
2026-01-06,49.5,49.5,49.04999923706055,49.34999847412109,95229.0
2026-01-07,49.59999847412109,49.650001525878906,49.04999923706055,49.54999923706055,125209.0
2026-01-08,49.5,49.5,48.79999923706055,48.84999847412109,115250.0
2026-01-09,48.84999847412109,48.84999847412109,48.09999847412109,48.29999923706055,133288.0
2026-01-12,48.400001525878906,48.650001525878906,48.20000076293945,48.5,90250.0
2026-01-13,48.650001525878906,48.650001525878906,48.0,48.150001525878906,111603.0
2026-01-14,48.5,49.5,48.09999847412109,49.0,197437.0
2026-01-15,49.09999847412109,49.20000076293945,48.900001525878906,48.95000076293945,80512.0
2026-01-16,48.70000076293945,49.04999923706055,48.650001525878906,48.75,131281.0
2026-01-19,48.75,49.25,48.75,49.04999923706055,157208.0
2026-01-20,49.0,49.59999847412109,48.79999923706055,49.29999923706055,155245.0
2026-01-21,49.29999923706055,49.5,48.84999847412109,49.29999923706055,136360.0
2026-01-22,49.20000076293945,50.59999847412109,49.20000076293945,49.84999847412109,353227.0
2026-01-23,50.0,51.5,50.0,50.09999847412109,315000.0
2026-01-26,50.5,50.5,49.70000076293945,49.84999847412109,105297.0
2026-01-27,50.400001525878906,50.400001525878906,49.70000076293945,49.84999847412109,117947.0
2026-01-28,50.29999923706055,50.29999923706055,49.84999847412109,50.0,156067.0
2026-01-29,49.95000076293945,49.95000076293945,49.54999923706055,49.95000076293945,127027.0
2026-01-30,50.0,50.0,49.0,49.29999923706055,130251.0
2026-02-02,49.54999923706055,49.54999923706055,47.59999847412109,47.59999847412109,216563.0
2026-02-03,48.0,48.20000076293945,47.34999847412109,48.0,194591.0
2026-02-04,47.650001525878906,48.5,47.650001525878906,48.5,116402.0
2026-02-05,47.59999847412109,48.45000076293945,47.5,47.70000076293945,168480.0
2026-02-06,47.79999923706055,47.79999923706055,46.54999923706055,47.29999923706055,168382.0
2026-02-09,47.79999923706055,48.09999847412109,47.150001525878906,47.20000076293945,61065.0
2026-02-10,47.09999847412109,47.84999847412109,47.09999847412109,47.650001525878906,96106.0
2026-02-11,48.5,49.0,47.29999923706055,47.84999847412109,123250.0
2026-02-23,48.59999847412109,49.0,47.79999923706055,48.84999847412109,159378.0
2026-02-24,48.84999847412109,49.04999923706055,48.20000076293945,48.29999923706055,101674.0
2026-02-25,48.29999923706055,48.70000076293945,47.95000076293945,48.650001525878906,196271.0
2026-02-26,48.95000076293945,49.0,48.400001525878906,48.95000076293945,141631.0
2026-03-02,49.150001525878906,49.150001525878906,48.0,48.59999847412109,56416.0
2026-03-03,47.900001525878906,48.75,47.59999847412109,47.84999847412109,114020.0
2026-03-04,47.34999847412109,47.34999847412109,46.04999923706055,46.09999847412109,234050.0
2026-03-05,46.150001525878906,46.650001525878906,45.79999923706055,46.20000076293945,229100.0
2026-03-06,46.0,46.25,45.59999847412109,45.95000076293945,78220.0
2026-03-09,44.09999847412109,44.5,42.75,43.70000076293945,414488.0
2026-03-10,44.0,44.25,43.79999923706055,44.0,101000.0
2026-03-11,44.150001525878906,47.900001525878906,44.0,46.150001525878906,478138.0
2026-03-12,45.54999923706055,45.54999923706055,44.0,45.04999923706055,216302.0
2026-03-13,45.25,46.59999847412109,45.20000076293945,45.95000076293945,218414.0
2026-03-16,46.09999847412109,46.45000076293945,46.0,46.0,186901.0
2026-03-17,46.150001525878906,46.45000076293945,45.84999847412109,46.09999847412109,97365.0
2026-03-18,46.900001525878906,47.20000076293945,46.34999847412109,47.04999923706055,144603.0
2026-03-19,46.79999923706055,46.900001525878906,46.34999847412109,46.34999847412109,103401.0
2026-03-20,46.34999847412109,46.75,46.34999847412109,46.34999847412109,51217.0
2026-03-23,45.25,45.70000076293945,45.09999847412109,45.400001525878906,89046.0
2026-03-24,45.45000076293945,46.70000076293945,45.09999847412109,45.400001525878906,73030.0
2026-03-25,46.75,46.79999923706055,45.75,46.0,55201.0
2026-03-26,46.5,46.900001525878906,46.0,46.04999923706055,72100.0
2026-03-27,45.900001525878906,46.400001525878906,45.59999847412109,45.900001525878906,64100.0
2026-03-30,45.84999847412109,45.84999847412109,45.150001525878906,45.54999923706055,69038.0
2026-03-31,45.25,45.54999923706055,44.5,44.75,69188.0
2026-04-01,45.5,46.0,45.150001525878906,45.84999847412109,68042.0
2026-04-02,45.650001525878906,46.09999847412109,44.79999923706055,45.0,66318.0
2026-04-07,44.70000076293945,45.0,44.400001525878906,44.650001525878906,95353.0
2026-04-08,46.0,46.29999923706055,45.29999923706055,46.04999923706055,84100.0
2026-04-09,45.25,45.84999847412109,45.09999847412109,45.650001525878906,58271.0
2026-04-10,45.79999923706055,46.5,45.79999923706055,46.400001525878906,205252.0
2026-04-13,46.400001525878906,46.59999847412109,46.29999923706055,46.5,93000.0
2026-04-14,47.09999847412109,47.09999847412109,46.5,46.95000076293945,136250.0
2026-04-15,47.0,47.34999847412109,46.400001525878906,46.650001525878906,181060.0
2026-04-16,47.09999847412109,47.79999923706055,47.09999847412109,47.650001525878906,176000.0
2026-04-17,47.95000076293945,47.95000076293945,47.45000076293945,47.54999923706055,89316.0
2026-04-20,47.54999923706055,47.900001525878906,47.0,47.20000076293945,76603.0
2026-04-21,47.79999923706055,47.79999923706055,47.20000076293945,47.400001525878906,55020.0
2026-04-22,47.95000076293945,47.95000076293945,46.79999923706055,46.79999923706055,123751.0
2026-04-23,46.59999847412109,46.59999847412109,45.75,46.5,148321.0
2026-04-24,46.650001525878906,46.95000076293945,46.45000076293945,46.70000076293945,63200.0
2026-04-27,46.59999847412109,46.79999923706055,45.900001525878906,46.09999847412109,93858.0
2026-04-28,46.59999847412109,46.59999847412109,45.54999923706055,46.20000076293945,85280.0
2026-04-29,46.79999923706055,46.79999923706055,46.150001525878906,46.20000076293945,71148.0
2026-04-30,45.900001525878906,46.29999923706055,45.70000076293945,45.70000076293945,101452.0
2026-05-04,45.650001525878906,46.09999847412109,45.54999923706055,45.650001525878906,135720.0
2026-05-05,45.650001525878906,50.20000076293945,45.54999923706055,46.95000076293945,357120.0
2026-05-06,46.95000076293945,46.95000076293945,45.0,45.5,407498.0
2026-05-07,45.0,45.5,45.0,45.5,200622.0
2026-05-08,45.59999847412109,46.5,44.54999923706055,44.70000076293945,447338.0
2026-05-11,44.75,44.75,44.04999923706055,44.29999923706055,330779.0
2026-05-12,44.45000076293945,44.45000076293945,43.5,43.84999847412109,289596.0
2026-05-13,43.5,43.59999847412109,43.0,43.54999923706055,173603.0
2026-05-14,43.29999923706055,43.95000076293945,43.09999847412109,43.09999847412109,207090.0
2026-05-15,43.09999847412109,43.59999847412109,42.95000076293945,43.0,163100.0
2026-05-18,42.70000076293945,43.04999923706055,42.59999847412109,42.79999923706055,89587.0
2026-05-19,42.79999923706055,43.0,42.79999923706055,42.95000076293945,120085.0
2026-05-20,42.95000076293945,43.04999923706055,42.70000076293945,42.70000076293945,125000.0
2026-05-21,43.150001525878906,43.25,42.900001525878906,43.0,113897.0
2026-05-22,42.900001525878906,43.0,42.70000076293945,42.900001525878906,116004.0
2026-05-25,42.84999847412109,44.20000076293945,42.59999847412109,42.79999923706055,216534.0
2026-05-26,42.900001525878906,43.5,42.84999847412109,43.45000076293945,204101.0
2026-05-27,44.04999923706055,44.04999923706055,42.900001525878906,42.900001525878906,274185.0
2026-05-28,43.25,43.25,42.54999923706055,42.70000076293945,186500.0
2026-05-29,42.95000076293945,43.54999923706055,42.75,43.34999847412109,281679.0
2026-06-01,43.400001525878906,43.900001525878906,43.25,43.900001525878906,352251.0
2026-06-02,44.150001525878906,44.45000076293945,43.54999923706055,44.04999923706055,230400.0
2026-06-03,44.5,47.45000076293945,44.04999923706055,46.59999847412109,1083805.0
2026-06-04,47.0,47.04999923706055,46.04999923706055,46.54999923706055,511171.0
2026-06-05,46.54999923706055,46.54999923706055,45.5,45.650001525878906,275340.0
2026-06-08,44.45000076293945,45.150001525878906,43.45000076293945,44.70000076293945,191051.0
2026-06-09,44.5,45.29999923706055,44.5,44.900001525878906,169076.0
2026-06-10,44.54999923706055,44.84999847412109,44.54999923706055,44.59999847412109,187236.0
2026-06-11,44.59999847412109,44.79999923706055,44.20000076293945,44.650001525878906,122071.0
2026-06-12,45.0,45.20000076293945,44.84999847412109,45.0,75073.0
2026-06-15,45.35,45.35,44.2,44.85,203881.0
2026-06-16,44.9,45.35,44.7,44.75,108028.0
2026-06-17,44.65,45.0,44.65,44.9,111803.0
2026-06-18,44.9,45.3,44.9,45.2,140000.0
2026-06-22,45.4,45.4,45.05,45.15,162227.0
2026-06-23,45.15,45.15,44.8,45.0,78106.0
