Date,Open,High,Low,Close,Volume
2024-12-09,149.0,154.5,147.0,152.0,84000.0
2024-12-10,155.5,156.0,148.5,151.0,81000.0
2024-12-11,160.0,165.0,155.0,155.0,217000.0
2024-12-12,157.0,166.0,155.0,164.5,150000.0
2024-12-13,162.5,162.5,155.0,156.5,94000.0
2024-12-16,158.5,158.5,155.0,157.0,39000.0
2024-12-17,155.0,158.0,155.0,157.5,37000.0
2024-12-18,157.0,157.0,156.0,156.0,15000.0
2024-12-19,155.5,159.0,154.5,159.0,71000.0
2024-12-20,162.0,162.0,156.5,156.5,34000.0
2024-12-23,157.0,158.0,156.5,157.0,13000.0
2024-12-24,157.0,157.0,154.5,155.0,32000.0
2024-12-25,156.0,158.5,153.0,158.5,43000.0
2024-12-26,158.5,158.5,155.5,156.5,8000.0
2024-12-27,156.5,156.5,156.5,156.5,2000.0
2024-12-30,156.0,157.5,156.0,156.0,14000.0
2024-12-31,155.5,157.5,155.0,157.5,16000.0
2025-01-02,156.0,163.5,156.0,161.5,75000.0
2025-01-03,162.0,162.0,159.0,160.5,29000.0
2025-01-06,155.5,162.0,155.5,160.0,68000.0
2025-01-07,159.5,160.0,157.0,158.5,20000.0
2025-01-08,158.5,161.5,158.5,160.0,28000.0
2025-01-09,160.0,160.0,157.0,158.0,21000.0
2025-01-10,155.0,158.0,155.0,158.0,25000.0
2025-01-13,159.0,159.0,154.0,154.5,24000.0
2025-01-14,156.0,156.0,154.5,154.5,37000.0
2025-01-15,155.0,155.0,153.0,153.0,19000.0
2025-01-16,155.5,155.5,150.5,150.5,47000.0
2025-01-17,150.5,151.0,150.0,150.5,21000.0
2025-01-20,151.0,152.0,150.5,151.5,14000.0
2025-01-21,151.5,152.0,151.0,152.0,5000.0
2025-01-22,153.0,154.0,153.0,154.0,13000.0
2025-02-03,145.5,150.5,145.5,150.0,43086.0
2025-02-04,151.0,151.5,150.5,151.5,8000.0
2025-02-05,152.0,153.5,152.0,152.0,8000.0
2025-02-06,152.5,158.0,152.5,158.0,25015.0
2025-02-07,156.5,159.5,156.5,159.5,13050.0
2025-02-10,165.0,167.5,161.5,163.5,101100.0
2025-02-11,163.5,164.5,161.0,162.5,35101.0
2025-02-12,165.5,168.0,163.0,167.5,60000.0
2025-02-13,166.0,166.0,164.0,165.5,16000.0
2025-02-14,165.5,165.5,162.5,164.0,19150.0
2025-02-17,164.5,166.0,162.0,164.0,16100.0
2025-02-18,165.0,173.0,162.0,169.5,102010.0
2025-02-19,173.0,173.0,168.0,169.0,29000.0
2025-02-20,169.0,173.0,169.0,169.0,22010.0
2025-02-21,170.5,170.5,169.0,169.5,8000.0
2025-02-24,169.0,171.0,168.0,171.0,37550.0
2025-02-25,171.0,171.0,169.5,169.5,7350.0
2025-02-26,168.5,169.5,163.0,165.0,35076.0
2025-02-27,167.0,168.0,165.0,165.0,8000.0
2025-03-03,165.0,165.0,162.0,164.5,17000.0
2025-03-04,162.0,165.5,162.0,165.5,21000.0
2025-03-05,165.5,168.5,165.5,168.5,13000.0
2025-03-06,171.0,171.0,165.0,167.5,15001.0
2025-03-07,167.5,170.0,166.0,170.0,34003.0
2025-03-10,168.0,171.0,162.5,163.5,59074.0
2025-03-11,156.0,162.5,156.0,159.0,142003.0
2025-03-12,159.0,162.0,159.0,159.5,37001.0
2025-03-13,161.5,162.0,156.5,156.5,43050.0
2025-03-14,157.0,159.0,156.0,158.5,22200.0
2025-03-17,160.0,160.0,158.5,158.5,17001.0
2025-03-18,160.5,162.5,159.0,162.0,49100.0
2025-03-19,162.0,162.5,162.0,162.0,54001.0
2025-03-20,162.0,164.0,160.0,160.0,30000.0
2025-03-21,160.0,161.0,160.0,160.0,9000.0
2025-03-24,159.0,161.0,159.0,159.0,19000.0
2025-03-25,160.0,161.5,159.0,159.0,11000.0
2025-03-26,160.0,160.0,160.0,160.0,1000.0
2025-03-27,159.0,159.5,158.5,158.5,4000.0
2025-03-28,157.5,157.5,155.0,156.0,16001.0
2025-03-31,159.5,159.5,150.0,150.0,50000.0
2025-04-01,150.0,153.5,149.0,153.5,43030.0
2025-04-02,152.0,152.0,150.0,152.0,4000.0
2025-04-07,137.0,137.0,137.0,137.0,10000.0
2025-04-08,124.0,129.5,123.5,125.0,161800.0
2025-04-09,124.0,124.5,113.0,118.0,137000.0
2025-04-10,129.5,129.5,129.5,129.5,40000.0
2025-04-11,128.5,129.0,127.0,128.5,17000.0
2025-04-14,130.0,138.0,130.0,137.0,16050.0
2025-04-15,136.5,136.5,134.5,136.0,19000.0
2025-04-16,134.5,134.5,134.0,134.0,6000.0
2025-04-17,132.0,135.5,132.0,135.5,2000.0
2025-04-18,133.5,133.5,132.0,132.0,10030.0
2025-04-21,132.0,132.0,132.0,132.0,1000.0
2025-04-23,131.0,134.0,131.0,134.0,9030.0
2025-04-24,135.0,139.5,135.0,139.0,18200.0
2025-04-25,140.0,141.0,140.0,140.5,6000.0
2025-04-28,137.5,140.0,137.0,140.0,4000.0
2025-04-29,140.5,140.5,137.0,137.5,8200.0
2025-05-02,151.0,151.0,151.0,151.0,50200.0
2025-05-05,153.0,154.0,141.0,141.0,84200.0
2025-05-06,141.0,141.0,137.0,138.0,34130.0
2025-05-07,138.0,138.0,138.0,138.0,4040.0
2025-05-08,138.0,139.0,138.0,138.0,18000.0
2025-05-09,138.0,140.0,138.0,140.0,14000.0
2025-05-12,134.0,137.5,134.0,137.5,27002.0
2025-05-13,140.0,145.0,140.0,144.5,25000.0
2025-05-14,145.0,145.0,144.0,144.0,8037.0
2025-05-15,143.5,143.5,142.0,143.5,8000.0
2025-05-16,139.0,142.5,139.0,140.5,28000.0
2025-05-19,140.5,140.5,140.5,140.5,1000.0
2025-05-20,139.0,141.0,139.0,141.0,2000.0
2025-05-21,141.0,141.5,141.0,141.5,6000.0
2025-05-22,141.0,141.0,140.0,140.0,2000.0
2025-05-23,141.0,141.5,141.0,141.5,1000.0
2025-05-26,138.5,140.0,138.5,140.0,3000.0
2025-05-27,139.0,140.0,139.0,140.0,3000.0
2025-05-28,139.0,139.0,138.0,138.5,8000.0
2025-05-29,135.0,137.5,135.0,137.5,13000.0
2025-06-02,136.5,139.5,136.5,139.5,2000.0
2025-06-03,139.0,139.0,137.0,138.5,13000.0
2025-06-04,139.0,141.0,139.0,140.5,6000.0
2025-06-05,140.5,140.5,138.5,140.0,9000.0
2025-06-06,138.0,141.0,138.0,141.0,5001.0
2025-06-09,141.5,143.0,141.5,142.5,7124.0
2025-06-10,151.0,153.0,147.0,148.5,91000.0
2025-06-11,152.0,152.0,145.0,146.0,40000.0
2025-06-12,144.0,144.0,139.5,144.0,50000.0
2025-06-13,141.0,141.0,138.0,140.0,38000.0
2025-06-16,138.0,138.0,138.0,138.0,2000.0
2025-06-17,138.0,138.0,137.0,138.0,3000.0
2025-06-18,138.0,138.0,138.0,138.0,5000.0
2025-06-19,137.5,138.0,137.5,138.0,7000.0
2025-06-20,138.0,138.0,137.0,137.0,6001.0
2025-06-23,135.0,140.0,135.0,139.0,20000.0
2025-06-24,140.0,140.0,138.0,140.0,17000.0
2025-06-25,139.0,139.0,138.5,138.5,16100.0
2025-06-26,138.0,140.0,138.0,138.5,18000.0
2025-06-27,137.5,137.5,137.0,137.5,9000.0
2025-06-30,137.5,137.5,137.5,137.5,2000.0
2025-07-01,140.0,140.0,139.0,139.0,5000.0
2025-07-02,138.5,138.5,138.5,138.5,1000.0
2025-07-03,139.0,139.0,139.0,139.0,2000.0
2025-07-04,139.0,139.0,138.0,138.5,4000.0
2025-07-07,137.5,138.0,136.0,138.0,4000.0
2025-07-08,138.0,138.0,136.0,136.0,7087.0
2025-07-09,138.5,138.5,138.5,138.5,1000.0
2025-07-10,134.0,135.5,131.0,132.5,99001.0
2025-07-11,132.0,132.0,130.0,132.0,50000.0
2025-07-14,131.0,131.0,130.5,131.0,10000.0
2025-07-15,131.0,133.0,131.0,133.0,13000.0
2025-07-16,133.0,133.0,132.0,132.0,8000.0
2025-07-17,132.0,132.5,132.0,132.0,9000.0
2025-07-18,132.5,133.5,132.5,133.0,11000.0
2025-07-21,132.5,134.0,132.5,134.0,4000.0
2025-07-22,133.5,135.5,133.5,135.0,21000.0
2025-07-24,135.0,135.5,135.0,135.0,5000.0
2025-07-25,134.5,136.5,134.5,136.5,8000.0
2025-07-28,136.0,136.5,135.5,136.0,16000.0
2025-07-29,136.0,136.0,134.0,136.0,18000.0
2025-07-30,134.5,136.0,134.5,136.0,18800.0
2025-07-31,137.0,137.0,136.0,136.5,8000.0
2025-08-04,139.5,139.5,139.5,139.5,3000.0
2025-08-05,139.5,142.0,139.5,142.0,26011.0
2025-08-06,142.0,142.5,140.0,140.0,19029.0
2025-08-07,132.0,135.0,131.5,135.0,6005.0
2025-08-11,129.5,131.0,129.0,131.0,27050.0
2025-08-12,128.5,130.0,128.5,130.0,13076.0
2025-08-13,131.0,131.5,130.0,130.0,14000.0
2025-08-14,129.0,131.5,126.5,127.0,63000.0
2025-08-15,127.0,130.0,127.0,129.0,6000.0
2025-08-18,130.0,130.0,129.0,129.5,11000.0
2025-08-19,129.5,129.5,129.0,129.5,8000.0
2025-08-20,126.5,126.5,125.0,125.0,51484.0
2025-08-21,126.0,127.5,126.0,127.0,10066.0
2025-08-22,126.0,126.0,125.0,125.0,12032.0
2025-08-25,125.5,125.5,125.0,125.5,11016.0
2025-08-26,125.0,125.5,122.5,123.5,20000.0
2025-08-27,123.5,125.0,123.5,125.0,11201.0
2025-08-28,124.5,124.5,124.5,124.5,3200.0
2025-08-29,124.0,124.0,122.5,122.5,10503.0
2025-09-01,120.0,121.0,119.5,120.0,33000.0
2025-09-02,120.5,122.5,120.5,122.0,6080.0
2025-09-03,122.0,123.0,122.0,123.0,2030.0
2025-09-05,123.0,125.0,123.0,125.0,2460.0
2025-09-08,127.5,127.5,127.5,127.5,1000.0
2025-09-10,121.0,123.0,118.5,123.0,88100.0
2025-09-11,123.0,124.5,122.5,124.5,10167.0
2025-09-12,125.0,126.0,125.0,126.0,12000.0
2025-09-16,124.5,124.5,123.5,123.5,6000.0
2025-09-17,123.5,123.5,122.5,122.5,5100.0
2025-09-18,123.0,125.0,123.0,125.0,2000.0
2025-09-22,123.0,123.5,122.0,122.0,7000.0
2025-09-23,122.5,122.5,120.5,120.5,10000.0
2025-09-24,120.5,121.0,120.0,121.0,11000.0
2025-09-25,123.0,123.0,121.0,121.0,3000.0
2025-09-26,120.5,120.5,118.0,119.0,10000.0
2025-09-30,124.5,124.5,124.5,124.5,1000.0
2025-10-01,123.5,123.5,123.5,123.5,1000.0
2025-10-02,119.0,122.5,119.0,122.5,25000.0
2025-10-03,120.0,120.0,119.5,120.0,3000.0
2025-10-07,120.0,120.0,119.0,119.0,3000.0
2025-10-08,119.0,119.0,119.0,119.0,1000.0
2025-10-09,119.5,119.5,119.5,119.5,3000.0
2025-10-13,115.5,119.5,115.0,119.5,5000.0
2025-10-14,117.0,117.0,116.0,116.5,8000.0
2025-10-15,116.0,119.0,115.0,119.0,5000.0
2025-10-17,115.5,115.5,115.5,115.5,1000.0
2025-10-20,115.0,115.0,115.0,115.0,3000.0
2025-10-21,114.5,115.0,114.5,115.0,4000.0
2025-10-22,115.0,115.5,115.0,115.0,6000.0
2025-10-23,116.0,116.0,116.0,116.0,3000.0
2025-10-27,116.0,116.0,115.5,115.5,4000.0
2025-10-28,114.0,115.0,114.0,114.5,10102.0
2025-10-29,115.0,118.0,115.0,118.0,7000.0
2025-10-31,115.0,117.5,113.5,117.5,10000.0
2025-11-03,115.0,119.0,115.0,119.0,4000.0
2025-11-05,115.0,115.0,114.0,114.5,8000.0
2025-11-06,115.0,115.0,115.0,115.0,1002.0
2025-11-10,113.0,113.0,113.0,113.0,2100.0
2025-11-11,113.5,113.5,113.5,113.5,2100.0
2025-11-13,114.0,116.0,114.0,116.0,5000.0
2025-11-14,116.0,116.0,114.0,114.5,7040.0
2025-11-17,116.0,116.0,114.0,114.0,8000.0
2025-11-18,115.0,118.0,114.5,114.5,12000.0
2025-11-19,114.5,114.5,114.5,114.5,1001.0
2025-11-20,113.5,114.5,113.5,113.5,19000.0
2025-11-21,113.5,113.5,108.5,113.0,16000.0
2025-11-24,113.0,113.0,112.5,113.0,10100.0
2025-11-25,113.0,115.0,113.0,115.0,10000.0
2025-11-26,113.5,114.0,113.0,113.0,20060.0
2025-11-27,112.0,112.0,112.0,112.0,5100.0
2025-11-28,112.0,112.5,112.0,112.0,11005.0
2025-12-01,112.0,112.0,112.0,112.0,8000.0
2025-12-02,112.0,113.0,112.0,113.0,5000.0
2025-12-03,112.0,112.0,111.5,112.0,8030.0
2025-12-04,111.5,111.5,111.0,111.0,8090.0
2025-12-08,110.5,110.5,105.0,108.5,39000.0
2025-12-09,105.0,105.5,104.5,104.5,8000.0
2025-12-10,103.0,105.0,103.0,105.0,8005.0
2025-12-11,105.5,105.5,105.0,105.0,3000.0
2025-12-12,106.0,106.0,106.0,106.0,8005.0
2025-12-15,104.0,104.0,104.0,104.0,1010.0
2025-12-19,105.0,105.5,103.5,104.0,11000.0
2025-12-22,104.0,105.0,104.0,105.0,2000.0
2025-12-29,106.0,106.0,106.0,106.0,1000.0
2025-12-30,106.0,106.0,105.5,105.5,8000.0
2025-12-31,105.5,106.0,105.0,105.0,7000.0
2026-01-02,105.5,113.0,105.0,113.0,3250.0
2026-01-06,108.5,108.5,108.5,108.5,1000.0
2026-01-09,105.0,108.0,105.0,108.0,3045.0
2026-01-12,109.0,112.5,109.0,110.0,6010.0
2026-01-13,112.0,112.0,112.0,112.0,2000.0
2026-01-14,112.0,119.0,112.0,119.0,3100.0
2026-01-15,114.5,114.5,114.5,114.5,1030.0
2026-01-16,116.0,116.0,114.0,115.0,14020.0
2026-01-19,116.0,120.0,116.0,119.0,13030.0
2026-01-20,123.0,123.0,120.5,122.0,8300.0
2026-01-21,120.5,120.5,120.5,120.5,6000.0
2026-01-23,119.0,119.0,118.5,119.0,15000.0
2026-01-26,119.0,119.0,118.5,119.0,6000.0
2026-01-27,118.0,118.0,117.5,118.0,10000.0
2026-01-28,118.0,119.0,117.0,117.0,11010.0
2026-01-30,117.0,119.0,117.0,119.0,7200.0
2026-02-02,119.0,120.5,118.0,119.0,12000.0
2026-02-03,118.0,118.0,117.5,117.5,2000.0
2026-02-04,118.0,118.0,118.0,118.0,3000.0
2026-02-05,118.0,118.0,118.0,118.0,2000.0
2026-02-06,117.0,117.0,117.0,117.0,1000.0
2026-02-09,116.5,116.5,116.5,116.5,1109.0
2026-02-10,117.0,117.0,116.5,116.5,2000.0
2026-02-11,108.0,122.0,108.0,122.0,56040.0
2026-02-23,120.0,121.5,116.5,120.0,9000.0
2026-02-24,119.5,119.5,116.0,119.5,11100.0
2026-02-25,123.0,123.0,117.0,120.0,22042.0
2026-02-26,118.0,119.0,114.0,119.0,19000.0
2026-03-02,115.0,115.0,115.0,115.0,6020.0
2026-03-03,114.0,114.0,108.0,108.0,11099.0
2026-03-04,107.5,107.5,107.5,107.5,1040.0
2026-03-05,107.5,107.5,107.0,107.0,20058.0
2026-03-06,107.0,110.5,107.0,110.5,2000.0
2026-03-09,103.5,108.0,103.5,108.0,13000.0
2026-03-11,108.0,111.5,108.0,111.5,2000.0
2026-03-12,115.0,115.0,115.0,115.0,1000.0
2026-03-16,106.5,116.5,106.5,116.5,15000.0
2026-03-17,114.0,115.0,114.0,115.0,15000.0
2026-03-19,109.5,113.5,109.5,113.5,2000.0
2026-03-23,110.0,111.5,105.0,111.5,12000.0
2026-03-24,111.0,111.5,111.0,111.5,3200.0
2026-03-26,109.5,109.5,109.5,109.5,1000.0
2026-03-30,109.0,110.0,109.0,110.0,3000.0
2026-03-31,110.0,110.0,108.0,108.0,6500.0
2026-04-02,106.0,109.5,105.5,109.5,5000.0
2026-04-08,110.0,112.0,110.0,110.0,6000.0
2026-04-10,110.0,110.0,110.0,110.0,11066.0
2026-04-13,111.0,111.0,110.0,111.0,10000.0
2026-04-14,111.0,111.0,107.0,110.5,15000.0
2026-04-15,106.0,107.0,106.0,106.5,12070.0
2026-04-16,106.0,106.5,102.5,106.5,69000.0
2026-04-17,108.5,110.5,107.0,110.5,27000.0
2026-04-20,108.5,109.0,104.5,109.0,21000.0
2026-04-21,109.0,110.5,107.5,110.5,21000.0
2026-04-23,107.0,109.0,105.5,107.0,7000.0
2026-04-24,107.0,107.0,104.0,106.5,18000.0
2026-04-27,110.0,110.0,102.5,105.0,14002.0
2026-04-28,103.0,104.0,103.0,104.0,3013.0
2026-04-29,104.0,105.5,103.5,105.5,15300.0
2026-04-30,103.5,103.5,103.5,103.5,9000.0
2026-05-04,103.0,105.0,103.0,105.0,20000.0
2026-05-05,105.0,105.0,103.5,105.0,18000.0
2026-05-06,105.0,105.0,105.0,105.0,1000.0
2026-05-07,105.0,106.0,104.5,105.0,20047.0
2026-05-08,104.0,104.0,103.0,104.0,6000.0
2026-05-11,106.5,106.5,105.0,105.0,5000.0
2026-05-12,104.0,105.0,103.5,105.0,7000.0
2026-05-13,104.5,105.5,104.0,105.0,11020.0
2026-05-14,105.0,105.0,104.0,105.0,9000.0
2026-05-15,105.0,105.5,105.0,105.0,6002.0
2026-05-18,104.0,104.0,104.0,104.0,1000.0
2026-05-19,103.0,103.0,102.5,102.5,6000.0
2026-05-20,102.5,102.5,101.0,101.0,15000.0
2026-05-21,102.0,103.5,102.0,102.5,16245.0
2026-05-22,102.0,104.0,102.0,104.0,6028.0
2026-05-25,104.0,104.0,101.0,102.0,18148.0
2026-05-26,103.0,112.0,103.0,111.0,39000.0
2026-05-27,107.5,119.5,107.5,111.0,21000.0
2026-05-28,108.0,108.0,106.0,108.0,15000.0
2026-05-29,110.0,110.0,105.5,107.0,19010.0
2026-06-01,117.5,117.5,117.5,117.5,32120.0
2026-06-02,129.0,129.0,129.0,129.0,49014.0
2026-06-03,133.5,136.0,126.0,133.0,152083.0
2026-06-04,128.0,132.5,128.0,129.5,51000.0
2026-06-05,127.0,131.0,127.0,130.0,26000.0
2026-06-08,129.0,132.0,125.5,129.5,48000.0
2026-06-09,130.0,130.0,128.0,130.0,6000.0
2026-06-10,127.0,129.0,126.5,126.5,19100.0
2026-06-11,125.5,126.5,125.5,126.5,6424.0
2026-06-12,127.0,127.0,125.5,126.5,5029.0
2026-06-15,126.5,126.5,124.0,124.0,15193.0
2026-06-16,125.0,125.0,120.0,122.0,20088.0
2026-06-17,122.0,122.0,122.0,122.0,4132.0
2026-06-22,122.0,122.0,119.5,121.0,13953.0
2026-06-26,123.0,123.0,117.0,117.0,4779.0
2026-06-29,123.5,123.5,123.5,123.5,1000.0
2026-07-03,120.5,121.0,120.5,121.0,2053.0
2026-07-06,120.0,121.0,120.0,120.5,14020.0
2026-07-07,122.0,122.0,122.0,122.0,1205.0
2026-07-08,120.5,122.0,118.0,122.0,7034.0
2026-07-09,121.0,122.0,118.5,122.0,5005.0
2026-07-15,120.0,120.0,119.0,119.0,2019.0
2026-07-17,116.0,116.0,114.0,114.0,11172.0
2026-07-20,115.0,115.0,114.0,114.0,28143.0
2026-07-21,114.0,115.5,113.0,115.5,10216.0
2026-07-22,115.0,115.5,114.0,115.5,5449.0
2026-07-23,115.0,115.5,114.5,115.5,4048.0
2026-07-24,114.0,114.0,114.0,114.0,2008.0
2026-07-29,110.0,112.0,110.0,111.0,8337.0
2026-07-30,111.0,113.0,111.0,113.0,3342.0
2026-07-31,117.0,117.0,117.0,117.0,1031.0
2026-08-03,117.0,117.0,117.0,117.0,1063.0
2026-08-04,117.5,117.5,117.0,117.0,3327.0
2026-08-05,118.0,120.0,117.5,119.5,25618.0
2026-08-06,114.0,117.0,111.0,117.0,11165.0
2026-08-07,113.5,115.0,113.5,115.0,3118.0
2026-08-10,118.5,119.0,115.5,117.5,19041.0
2026-08-13,119.0,119.0,118.5,118.5,4286.0
2026-08-20,115.0,115.0,113.0,113.0,9045.0
2026-08-24,113.0,115.5,112.0,115.5,16829.0
2026-08-28,116.0,116.0,116.0,116.0,2050.0
2026-08-31,115.5,116.0,115.5,116.0,8055.0
2026-09-02,116.5,117.0,116.5,117.0,2067.0
2026-09-04,120.5,120.5,120.5,120.5,1284.0
2026-09-07,119.5,119.5,119.5,119.5,1205.0
2026-09-09,120.0,120.0,119.5,120.0,8224.0
2026-09-11,113.0,115.0,113.0,115.0,5000.0
2026-09-14,113.0,113.0,113.0,113.0,1592.0
2026-09-18,114.5,114.5,114.5,114.5,14004.0
2026-09-21,115.5,115.5,113.0,113.0,3167.0
2026-09-22,113.0,114.0,111.0,112.0,7769.0
2026-09-23,112.0,116.0,111.0,116.0,5010.0
2026-10-02,113.0,113.5,113.0,113.5,4000.0
2026-10-05,113.5,113.5,113.5,113.5,1120.0
2026-10-06,112.0,112.0,111.5,111.5,6701.0
2026-10-08,111.5,112.0,111.5,111.5,13034.0
